bug_id,title,description,project,component,severity,status,resolution
MOZ-1001,NullPointerException in NetworkManager when connection drops during file download,"The NetworkManager crashes with NullPointerException when a network connection drops mid-download. The retry handler attempts to access a null connection object. Steps: 1. Start large file download 2. Disconnect network 3. Observe crash in retry logic. Expected: Graceful error handling. Actual: JVM crash with NPE.",Mozilla Firefox,Networking,critical,RESOLVED,"Fixed by adding null check before accessing connection object in retry handler. Added defensive null checks throughout the connection lifecycle management code."
MOZ-1002,Memory leak in tab rendering engine when switching tabs rapidly,"When switching between tabs rapidly (10+ times per second), the rendering engine accumulates unreleased render contexts leading to continuous memory growth. After 30 minutes of rapid switching, memory usage grows by 2GB+. Expected: Stable memory usage. Actual: Unbounded memory growth.",Mozilla Firefox,Layout Engine,high,RESOLVED,"Implemented proper cleanup of render contexts in tab switch handler. Added reference counting and weak references for render cache entries."
MOZ-1003,Segmentation fault in WebGL renderer with unsupported shader operations,"WebGL context crashes with segfault when attempting to use unsupported shader operations on older GPU drivers. The renderer does not validate shader capabilities before execution. Expected: Graceful fallback. Actual: Browser crash.",Mozilla Firefox,Graphics,high,RESOLVED,"Added shader capability validation before execution in WebGL context. Implemented fallback rendering path for unsupported operations."
MOZ-1004,CSS Grid layout miscalculation with auto-fit and minmax constraints,"CSS Grid with auto-fit tracks and minmax() constraints produces incorrect column widths when container width is between breakpoints. The constraint solver does not properly handle the interaction between auto-fit and minmax. Expected: Correct column widths. Actual: Columns overflow container.",Mozilla Firefox,CSS Engine,medium,RESOLVED,"Fixed constraint solving algorithm for auto-fit tracks with minmax functions. Added special case handling for boundary conditions."
APC-2001,StackOverflowError in recursive XML parser with deeply nested elements,"The XML parser uses recursive descent parsing which causes StackOverflowError when processing XML documents with nesting depth > 10000. This is exploitable as a denial-of-service vector. Expected: Handle deep nesting. Actual: JVM crash with StackOverflowError.",Apache HTTP Server,Core,critical,RESOLVED,"Converted recursive parser to iterative approach with explicit stack. Added configurable maximum nesting depth with graceful error reporting."
APC-2002,Race condition in thread pool causing deadlock under high concurrency,"Under high concurrency (1000+ simultaneous requests), the thread pool enters a deadlock state due to improper lock ordering between the task queue and worker thread management. All request processing halts. Expected: Handle concurrent load. Actual: Complete server freeze.",Apache Tomcat,Thread Pool,critical,RESOLVED,"Added proper lock ordering and timeout mechanism to prevent deadlock. Implemented lock-free task queue with CAS operations."
APC-2003,Buffer overflow in HTTP header parsing with malformed Content-Type,"Malformed Content-Type headers with extremely long values cause a buffer overflow in the HTTP header parser. This is a security vulnerability (CVE-worthy). Expected: Reject malformed headers. Actual: Buffer overflow leading to potential code execution.",Apache HTTP Server,HTTP Parser,critical,RESOLVED,"Implemented bounds checking and input validation for all header fields. Added maximum header size limits and proper error responses for malformed input."
APC-2004,Connection leak in connection pool when exception occurs during checkout,"When an exception occurs during connection checkout from the pool, the connection is not returned to the pool. Over time, all connections are leaked and the application cannot process new requests. Expected: Return connection on failure. Actual: Connection leak leading to pool exhaustion.",Apache Tomcat,Connection Pool,high,RESOLVED,"Added try-finally block to ensure connection return on checkout failure. Implemented connection pool health monitoring and automatic recovery."
ECL-3001,ClassCastException when refactoring generic types in JDT compiler,"The JDT compiler throws ClassCastException when performing type refactoring on code using complex generic type hierarchies. The type resolution algorithm does not properly handle type erasure in nested generics. Expected: Correct refactoring. Actual: Compiler crash.",Eclipse JDT,Compiler,medium,RESOLVED,"Added type erasure handling in generic type resolution algorithm. Implemented proper bounds checking for generic type parameters."
ECL-3002,UI freeze when opening large workspace with 500+ projects,"Opening a workspace with 500+ projects causes the Eclipse UI to freeze for 5+ minutes. The workspace loading runs on the UI thread blocking all user interaction. Expected: Responsive UI during load. Actual: Complete UI freeze.",Eclipse Platform,UI Framework,high,RESOLVED,"Moved workspace loading to background thread with progress reporting. Implemented incremental project loading with lazy initialization."
ECL-3003,IndexOutOfBoundsException in code completion with partial token matching,"Code completion crashes with IndexOutOfBoundsException when the user types partial tokens that match no completions. The token matching algorithm assumes at least one match exists. Expected: Show no results. Actual: Editor crash.",Eclipse JDT,Content Assist,medium,RESOLVED,"Added boundary checks in token matching algorithm and fallback for empty results. Implemented graceful degradation when no completions match."
ECL-3004,Deadlock in plugin activation when circular dependencies exist,"When plugins have circular activation dependencies, the plugin framework enters a deadlock during workspace startup. The activation monitor waits indefinitely for circular dependencies to resolve. Expected: Detect and break cycles. Actual: Permanent startup hang.",Eclipse Platform,Plugin Framework,critical,RESOLVED,"Implemented dependency graph cycle detection with topological sort ordering. Added timeout-based deadlock prevention with diagnostic logging."
